User ID,Name,Interests,Location
1,Charles Knight,travel,Brandonport
2,Karla Brown,music,New Melanieview
3,Lisa Perez,"movies, music, reading",Lake Charlesport
4,Jason Barrett,movies,Rosalesberg
5,Abigail Jones,"movies, music",Robertborough
6,Danielle White,"movies, travel, reading",Heidishire
7,Andrea Gonzalez,"sports, music",East Lisastad
8,Scott Miles,sports,Travisborough
9,Glenn Garcia,"reading, sports",Barnesstad
10,Kelly Bates,"sports, reading",Torresburgh
11,Lori Jensen,travel,North Glenn
12,Heather Drake,"music, sports",New Cassandra
13,Jessica Berry,"sports, music, movies",Ronaldmouth
14,Jessica Weaver,reading,Port Kimberlyberg
15,Ruben Garcia,"sports, movies, music",Laraport
16,Elizabeth Johnson,"movies, reading, travel",Phillipsmouth
17,Lori Smith,"reading, travel, music",North Emily
18,Anthony Anderson,"sports, movies, music",Garciafort
19,Brian Richard,movies,South Kellyshire
20,Brandon Ross,sports,Lisaside
21,Amanda Garcia,travel,Port Jenniferbury
22,Mark Perry,"reading, movies",Port Eddie
23,Latoya Wells,"travel, reading",Thomasbury
24,Larry Williams,"travel, movies, music",East Brittneymouth
25,Jennifer Gonzalez,"sports, travel",New David
26,Dennis Montoya,"sports, reading, music",Reynoldsmouth
27,Katie Ortiz,sports,Billyland
28,Victoria Klein,"sports, movies, travel",Port Carloschester
29,Maria Martin,"sports, movies",Michellechester
30,Brian White,"music, movies",Toddland
31,Deborah Hayes,"reading, travel, sports",Port Stephanietown
32,Lori Joyce,travel,Nicholston
33,Sarah Perez,"reading, sports",West Sherry
34,Brandon Wyatt,"sports, travel, reading",Heidimouth
35,Kenneth Anderson,"music, movies",Annaland
36,Holly Jones,"music, sports, movies",Dawnchester
37,Jeffrey Gray,travel,Scottbury
38,Allen Keller,"reading, music, sports",Michelleburgh
39,Teresa Young,"sports, music",Boyleland
40,Brandon Ayers Jr.,"sports, movies",South Christine
41,Martha Johnson,"music, travel, reading",Port Cindyport
42,Jeffrey Perkins,"travel, music",Rebeccabury
43,Kristen Johnson,"music, sports",Lake Michaelton
44,Kaitlyn Anthony,"movies, travel, sports",Andrewfort
45,Jacob Jennings,reading,Gonzalesbury
46,Jasmine Boyle,"movies, music, reading",West Jamesfort
47,Dustin Brown,"reading, movies",Lake Todd
48,Linda Rivas,"sports, travel, music",Ronnieport
49,Diana Abbott,"sports, movies, reading",Kevinberg
50,Brian Paul,"movies, travel, music",South Tim
51,Nicholas Powell,sports,North Renee
52,Tammy Rodriguez,"music, movies",West Maria
53,Colin Davidson,"sports, travel",Lisaview
54,Cindy Warren,reading,Davidburgh
55,Andrew Sparks,"reading, sports, movies",East Caitlin
56,Noah Ho,"music, reading",North Kimberlymouth
57,Brooke Clarke,music,New Christinaland
58,Kevin Burgess,reading,North David
59,Amanda Evans,music,Obrienview
60,Laura Nichols,"sports, music, movies",West Philip
61,Mark Williams,"sports, music",North Amandaburgh
62,Gilbert Dodson,reading,Smithberg
63,Lindsay Nielsen,"music, sports, travel",Ambermouth
64,Martha Johnson,"sports, travel",North Benjamin
65,Scott Johnson,"travel, movies, sports",Courtneyland
66,Anthony Middleton,"sports, travel",Fordmouth
67,Theresa Ortiz,reading,New James
68,Ronald Johnson,"sports, movies",Blackburgh
69,Tiffany Ramos,reading,Jonathanberg
70,Nathan Ellis,"reading, sports, travel",Lake Heatherstad
71,Jose Miller,"music, sports",Lake Michael
72,Lindsay Bruce,"music, sports, reading",Amyshire
73,David Glass,reading,South Johnathanfurt
74,Melanie Robinson,"movies, reading",Kingfort
75,Bernard Taylor,"music, movies, reading",Lake Stephenburgh
76,Melissa Little,music,North Sara
77,David Noble,music,Davidland
78,Joseph Obrien,reading,South Lukestad
79,Matthew Armstrong,movies,Heatherhaven
80,Judy Stewart,"sports, reading, music",South Amanda
81,Samantha Turner,"music, sports",New Davidport
82,Jeffrey Meyer,movies,Janetburgh
83,Kimberly Richard,"movies, music",Jasminefurt
84,Jesse Hernandez,music,Avilaton
85,Ann Osborne,"movies, music",Tonyfurt
86,Peter Salazar,"movies, music, sports",Josephtown
87,Martin Ho,"movies, travel, sports",Hahnmouth
88,Gerald Campbell,"travel, reading, sports",West Jacob
89,Margaret Burns,"travel, sports, music",Penaberg
90,Adam Garcia,"sports, travel, reading",Abigailborough
91,Caleb Nelson,"travel, sports, music",Quinnton
92,Travis Munoz,"music, reading, movies",East Daniellestad
93,Troy Fisher,"music, movies, reading",Port Susanfurt
94,Nancy Patton,"travel, music",Andrewmouth
95,Barbara Avery,"travel, reading, music",New Kimberly
96,Johnny White,"reading, sports",Port Taylor
97,Cameron Clements,"sports, travel",Ericburgh
98,Scott Blair,"reading, movies, music",East Adamshire
99,Alexander Mendoza,music,Port Patriciaburgh
100,Gabrielle Mccarthy,"sports, reading, movies",New Keith
